<?xml version="1.0" encoding="UTF-8" standalone="yes"?>
<addon id="repository.exp" name="Exp" version="1.0" provider-name="Exp">
	<extension point="xbmc.addon.repository" name="Exp">
		<info compressed="false">http://raw.github.com/uscclarkey/exp/master/addons.xml</info>
		<checksum>http://raw.github.com/uscclarkey/exp/master/addons.xml.md5</checksum>
		<datadir zip="true">http://raw.github.com/uscclarkey/exp/master/zips</datadir>
	</extension>
	<extension point="xbmc.addon.metadata">
		<summary>Install MY Addons</summary>
		<description>Download and install addons from Exp.</description>
		<platform>all</platform>
	</extension>
</addon>

