<?xml version="1.0" encoding="UTF-8" standalone="yes"?>
<addon id="repository.exp" name="Exp" version="1.1" provider-name="Exp">
	<extension point="xbmc.addon.repository" name="Exp">
		<info compressed="false">https://bitbucket.org/uscclarkey/exp-repo/raw/0a60b952821a8b6ab6726f9a2d99bc3895a3764c/addons.xml</info>
		<checksum>https://bitbucket.org/uscclarkey/exp-repo/raw/0a60b952821a8b6ab6726f9a2d99bc3895a3764c/addons.xml.md5</checksum>
		<datadir zip="true">https://bitbucket.org/uscclarkey/exp-repo/raw/0a60b952821a8b6ab6726f9a2d99bc3895a3764c/zips</datadir>
	</extension>
	<extension point="xbmc.addon.metadata">
		<summary>Install MY Addons</summary>
		<description>Download and install addons from Exp.</description>
		<platform>all</platform>
	</extension>
</addon>

