<?xml version="1.0" encoding="UTF-8" standalone="yes"?>
<addon id="plugin.video.movies"
       name="Movies"
       version="1.1"
       provider-name="Exp">
  <requires>
    <import addon="xbmc.python" version="2.1.0"/>
	<import addon="script.module.beautifulsoup" version="3.0.8"/>
    <import addon="script.module.simplejson" />
  </requires>
  <extension point="xbmc.python.pluginsource"
            library="default.py">
        <provides>video</provides>
  </extension>
  <extension point="xbmc.addon.metadata">
    <summary>Movies</summary>
    <description>Stream movies from out database.</description>
    <platform>all</platform>
  </extension>
</addon>
